{
  "description": "200K famous quotations gathered from various sources, in the form author : wise words.",
  "epochs": 48,
  "hidden": 300,
  "interleave": 1024,
  "label": "quotations",
  "samples": 20144311,
  "seqlen": 60,
  "tloss": 101.29917734109057,
  "valprogress": [
    [
      1,
      1.09,
      3,
      7.2
    ],
    [
      2,
      2.1,
      4,
      8.9
    ],
    [
      3,
      3.14,
      5,
      7.1
    ]
  ],
  "vloss": 101.20136153121655,
  "vocab": {
    "\n": 0,
    " ": 1,
    "!": 2,
    "\"": 3,
    "#": 4,
    "$": 5,
    "%": 6,
    "&": 7,
    "'": 8,
    "(": 9,
    ")": 10,
    "*": 11,
    "+": 12,
    ",": 13,
    "-": 14,
    ".": 15,
    "/": 16,
    "0": 17,
    "1": 18,
    "2": 19,
    "3": 20,
    "4": 21,
    "5": 22,
    "6": 23,
    "7": 24,
    "8": 25,
    "9": 26,
    ":": 27,
    ";": 28,
    "=": 29,
    "?": 30,
    "A": 31,
    "B": 32,
    "C": 33,
    "D": 34,
    "E": 35,
    "F": 36,
    "G": 37,
    "H": 38,
    "I": 39,
    "J": 40,
    "K": 41,
    "L": 42,
    "M": 43,
    "N": 44,
    "O": 45,
    "P": 46,
    "Q": 47,
    "R": 48,
    "S": 49,
    "T": 50,
    "U": 51,
    "V": 52,
    "W": 53,
    "X": 54,
    "Y": 55,
    "Z": 56,
    "[": 57,
    "]": 58,
    "a": 59,
    "b": 60,
    "c": 61,
    "d": 62,
    "e": 63,
    "f": 64,
    "g": 65,
    "h": 66,
    "i": 67,
    "j": 68,
    "k": 69,
    "l": 70,
    "m": 71,
    "n": 72,
    "o": 73,
    "p": 74,
    "q": 75,
    "r": 76,
    "s": 77,
    "t": 78,
    "u": 79,
    "v": 80,
    "w": 81,
    "x": 82,
    "y": 83,
    "z": 84
  }
}