{
  "description": "100K tech headlines (2014) from UCI Machine Learning repo",
  "epochs": 5,
  "hidden": 256,
  "interleave": 256,
  "label": "headlines",
  "progress": "...HHHHH",
  "samples": 103380,
  "seqlen": 40,
  "valavg": 2.7014301139186467,
  "valcnt": 2067,
  "valsd": 0.03140705187859289,
  "vocab": {
    "\t": 0,
    "\n": 1,
    " ": 2,
    "!": 3,
    "\"": 4,
    "#": 5,
    "$": 6,
    "%": 7,
    "&": 8,
    "'": 9,
    "(": 10,
    ")": 11,
    "*": 12,
    "+": 13,
    ",": 14,
    "-": 15,
    ".": 16,
    "/": 17,
    "0": 18,
    "1": 19,
    "2": 20,
    "3": 21,
    "4": 22,
    "5": 23,
    "6": 24,
    "7": 25,
    "8": 26,
    "9": 27,
    ":": 28,
    ";": 29,
    "<": 30,
    "=": 31,
    ">": 32,
    "?": 33,
    "@": 34,
    "A": 35,
    "B": 36,
    "C": 37,
    "D": 38,
    "E": 39,
    "F": 40,
    "G": 41,
    "H": 42,
    "I": 43,
    "J": 44,
    "K": 45,
    "L": 46,
    "M": 47,
    "N": 48,
    "O": 49,
    "P": 50,
    "Q": 51,
    "R": 52,
    "S": 53,
    "T": 54,
    "U": 55,
    "V": 56,
    "W": 57,
    "X": 58,
    "Y": 59,
    "Z": 60,
    "[": 61,
    "\\": 62,
    "]": 63,
    "_": 64,
    "`": 65,
    "a": 66,
    "b": 67,
    "c": 68,
    "d": 69,
    "e": 70,
    "f": 71,
    "g": 72,
    "h": 73,
    "i": 74,
    "j": 75,
    "k": 76,
    "l": 77,
    "m": 78,
    "n": 79,
    "o": 80,
    "p": 81,
    "q": 82,
    "r": 83,
    "s": 84,
    "t": 85,
    "u": 86,
    "v": 87,
    "w": 88,
    "x": 89,
    "y": 90,
    "z": 91,
    "{": 92,
    "|": 93,
    "}": 94,
    "~": 95
  }
}