{
  "0": [
    0.0,
    4.442651256490317,
    0,
    2000,
    0,
    576,
    0,
    0.0,
    0,
    false
  ],
  "1": [
    4.4431145505161425,
    3.055628597020041,
    2000,
    2000,
    576,
    576,
    20007,
    0.0034183321695913675,
    46.652725212974474,
    true
  ],
  "2": [
    3.055628597020041,
    2.5704630462720752,
    2000,
    2000,
    576,
    576,
    20007,
    0.003431510523266854,
    44.4652379899635,
    true
  ],
  "3": [
    2.5704630462720752,
    2.367652714852111,
    2000,
    2000,
    576,
    288,
    20007,
    0.003432599878051649,
    44.76721554604592,
    true
  ],
  "4": [
    2.367652714852111,
    2.1748990205865906,
    2000,
    2000,
    288,
    144,
    40014,
    0.006869611087001824,
    88.9925808699918,
    true
  ],
  "5": [
    2.1748990205865906,
    1.9987893637400627,
    2000,
    10000,
    144,
    72,
    80027,
    0.013962475374559129,
    177.96844607201638,
    true
  ],
  "6": [
    2.0026085205123714,
    1.7654637659332464,
    10000,
    10000,
    72,
    36,
    160054,
    0.0279183965075275,
    355.7277623830014,
    true
  ],
  "7": [
    1.7654637659332464,
    1.5630758715833721,
    10000,
    10000,
    36,
    36,
    320108,
    0.055895281032772796,
    703.7435514070094,
    true
  ],
  "8": [
    1.5630758715833721,
    1.473072076289277,
    10000,
    10000,
    36,
    36,
    320108,
    0.05590836323321605,
    696.8864750239882,
    true
  ],
  "9": [
    1.473072076289277,
    1.4089108364913723,
    10000,
    10000,
    36,
    18,
    320108,
    0.05503106206485886,
    696.3222012229962,
    true
  ],
  "10": [
    1.4089108364913723,
    1.3434897788880387,
    10000,
    10000,
    18,
    18,
    640216,
    0.11193781817434903,
    1391.611232987023,
    true
  ],
  "11": [
    1.3434897788880387,
    1.3023246246729567,
    10000,
    10000,
    18,
    18,
    640216,
    0.11194962293162476,
    1392.7571724529844,
    true
  ],
  "12": [
    1.3023246246729567,
    1.2673397427177016,
    10000,
    10000,
    18,
    9,
    640216,
    0.1119494543676302,
    1400.1214816890424,
    true
  ],
  "13": [
    1.2673397427177016,
    1.2245781920835346,
    10000,
    10000,
    9,
    9,
    1280432,
    0.22390547601163432,
    2794.5674870960065,
    true
  ],
  "14": [
    1.2245781920835346,
    1.194034955516597,
    10000,
    10000,
    9,
    9,
    1280432,
    0.22391565005843464,
    2797.0908521999954,
    true
  ],
  "15": [
    1.194034955516597,
    1.1768074904574461,
    10000,
    10000,
    9,
    4,
    1280432,
    0.22391744110899212,
    2796.24908340798,
    true
  ],
  "16": [
    1.1768074904574461,
    1.1407180006576314,
    10000,
    10000,
    4,
    4,
    2880971,
    0.5038167981035147,
    6294.273274056031,
    true
  ],
  "17": [
    1.1407180006576314,
    1.1149930029166881,
    10000,
    10000,
    4,
    4,
    2880971,
    0.5038438595460671,
    6290.433718179993,
    true
  ],
  "18": [
    1.1149930029166881,
    1.092606587641736,
    10000,
    10000,
    4,
    3,
    2880971,
    0.5038536093173352,
    6292.023010996054,
    true
  ],
  "19": [
    1.092606587641736,
    1.07150781614088,
    10000,
    10000,
    3,
    3,
    3841295,
    0.6718282101249946,
    8389.328730299021,
    true
  ],
  "20": [
    1.07150781614088,
    1.0655534030284481,
    10000,
    10000,
    3,
    3,
    3841295,
    0.6719531651686905,
    8389.165047104005,
    true
  ],
  "21": [
    1.0655534030284481,
    1.0539286348114942,
    10000,
    10000,
    3,
    3,
    3841295,
    0.6778901235045448,
    8386.385162115039,
    true
  ],
  "22": [
    1.0539286348114942,
    1.0458435432866835,
    10000,
    10000,
    3,
    3,
    3841295,
    0.6779421368265773,
    8383.639985265967,
    true
  ],
  "23": [
    1.0458435432866835,
    1.0312049093988245,
    10000,
    10000,
    3,
    3,
    3841295,
    0.6779725806503235,
    8384.844122489973,
    true
  ],
  "24": [
    1.0312049093988245,
    1.0262217222361083,
    10000,
    10000,
    3,
    3,
    3841295,
    0.6779744348168543,
    8385.689490669989,
    true
  ]
}