{
  "description": "200K+ short jokes scraped from the Web, courtesy of Kaggle.",
  "epochs": 37,
  "hidden": 300,
  "interleave": 64,
  "label": "short jokes",
  "samples": 4616065,
  "seqlen": 60,
  "tloss": 1.587896378949837,
  "vloss": 1.4869906643811326,
  "vocab": {
    "\b": 0,
    "\n": 1,
    "\u0010": 2,
    " ": 3,
    "!": 4,
    "\"": 5,
    "#": 6,
    "$": 7,
    "%": 8,
    "&": 9,
    "'": 10,
    "(": 11,
    ")": 12,
    "*": 13,
    "+": 14,
    ",": 15,
    "-": 16,
    ".": 17,
    "/": 18,
    "0": 19,
    "1": 20,
    "2": 21,
    "3": 22,
    "4": 23,
    "5": 24,
    "6": 25,
    "7": 26,
    "8": 27,
    "9": 28,
    ":": 29,
    ";": 30,
    "<": 31,
    "=": 32,
    ">": 33,
    "?": 34,
    "@": 35,
    "A": 36,
    "B": 37,
    "C": 38,
    "D": 39,
    "E": 40,
    "F": 41,
    "G": 42,
    "H": 43,
    "I": 44,
    "J": 45,
    "K": 46,
    "L": 47,
    "M": 48,
    "N": 49,
    "O": 50,
    "P": 51,
    "Q": 52,
    "R": 53,
    "S": 54,
    "T": 55,
    "U": 56,
    "V": 57,
    "W": 58,
    "X": 59,
    "Y": 60,
    "Z": 61,
    "[": 62,
    "\\": 63,
    "]": 64,
    "^": 65,
    "_": 66,
    "`": 67,
    "a": 68,
    "b": 69,
    "c": 70,
    "d": 71,
    "e": 72,
    "f": 73,
    "g": 74,
    "h": 75,
    "i": 76,
    "j": 77,
    "k": 78,
    "l": 79,
    "m": 80,
    "n": 81,
    "o": 82,
    "p": 83,
    "q": 84,
    "r": 85,
    "s": 86,
    "t": 87,
    "u": 88,
    "v": 89,
    "w": 90,
    "x": 91,
    "y": 92,
    "z": 93,
    "{": 94,
    "|": 95,
    "}": 96,
    "~": 97
  }
}