{
  "0": [
    0.0,
    4.442651256490317,
    0,
    2000,
    0,
    1024,
    0,
    0.0,
    0,
    false
  ],
  "1": [
    4.442606566578119,
    3.143226804942936,
    2000,
    2000,
    1024,
    1024,
    11254,
    0.027493339993339992,
    62.6659077469958,
    true
  ],
  "2": [
    3.143226804942936,
    3.1410977954927084,
    2000,
    2000,
    1024,
    1024,
    11254,
    0.06715264952408012,
    59.12958430801518,
    true
  ],
  "3": [
    3.1410977954927084,
    3.125847847394177,
    2000,
    2000,
    1024,
    512,
    11254,
    0.0012781466873034101,
    92.68686448698281,
    true
  ],
  "4": [
    3.125847847394177,
    3.0085678534603453,
    2000,
    2000,
    512,
    256,
    22508,
    0.052163356125448666,
    135.73866248698323,
    true
  ],
  "5": [
    3.0085678534603453,
    2.552564271925492,
    2000,
    2000,
    256,
    256,
    45016,
    0.11560412353531258,
    242.2481335880002,
    true
  ],
  "6": [
    2.552564271925492,
    2.3893183028075264,
    2000,
    2000,
    256,
    256,
    45016,
    0.06397211176073368,
    278.63160057598725,
    true
  ],
  "7": [
    2.3893183028075264,
    2.3161294390218816,
    2000,
    2000,
    256,
    128,
    45016,
    0.33670596185613455,
    249.22422567399917,
    true
  ]
}