{
  "0": [
    0.0,
    4.442651256490317,
    0,
    2000,
    0,
    1024,
    0,
    0.0,
    0,
    false
  ],
  "1": [
    4.444439522920135,
    3.1518733476066196,
    2000,
    2000,
    1024,
    1024,
    11254,
    0.005218245695153719,
    63.391918631998124,
    true
  ],
  "2": [
    3.1518733476066196,
    3.1450688165708405,
    2000,
    2000,
    1024,
    1024,
    11254,
    0.02394049606744239,
    58.47990010501235,
    true
  ],
  "3": [
    3.1450688165708405,
    3.114650896791332,
    2000,
    2000,
    1024,
    512,
    11254,
    0.0011255567328957146,
    58.52615912101464,
    true
  ],
  "4": [
    3.114650896791332,
    2.9627018195694252,
    2000,
    2000,
    512,
    256,
    22508,
    0.061409951243684244,
    114.9769128189946,
    true
  ],
  "5": [
    2.9627018195694252,
    2.5662561122334866,
    2000,
    2000,
    256,
    128,
    45016,
    0.12186567366038825,
    231.21101470600115,
    true
  ],
  "6": [
    2.5662561122334866,
    2.3419395865944552,
    2000,
    5000,
    128,
    128,
    90031,
    0.2550770586445128,
    454.67252463600016,
    true
  ],
  "7": [
    2.337123219185028,
    2.2491488023788073,
    5000,
    5000,
    128,
    128,
    90031,
    0.2717876863139497,
    454.4392358319892,
    true
  ],
  "8": [
    2.2491488023788073,
    2.180858646847923,
    5000,
    5000,
    128,
    64,
    90031,
    0.24155840152881164,
    455.09985554098967,
    true
  ]
}