{
  "0": [
    0.0,
    4.442651256490317,
    0,
    2000,
    0,
    1024,
    0,
    0.0,
    0,
    false
  ],
  "1": [
    4.443674017148385,
    3.11434987789354,
    2000,
    2000,
    1024,
    1024,
    11254,
    0.07033351264120495,
    62.16111155500403,
    true
  ],
  "2": [
    3.11434987789354,
    3.117358829697814,
    2000,
    2000,
    1024,
    1024,
    11254,
    0.0799927180047333,
    57.15375363500789,
    false
  ],
  "3": [
    3.117358829697814,
    3.1142574427825966,
    2000,
    2000,
    1024,
    512,
    11254,
    0.12222268251929795,
    56.93551947901142,
    true
  ],
  "4": [
    3.1142574427825966,
    3.0556237557447763,
    2000,
    2000,
    512,
    256,
    22508,
    0.17833205949791286,
    113.51537839800585,
    true
  ],
  "5": [
    3.0556237557447763,
    2.5689314781364607,
    2000,
    2000,
    256,
    256,
    45016,
    0.2942066895938176,
    228.9623102180194,
    true
  ],
  "6": [
    2.5689314781364607,
    2.401007253229209,
    2000,
    2000,
    256,
    256,
    45016,
    0.24212418038985417,
    227.73065962799592,
    true
  ],
  "7": [
    2.401007253229209,
    2.3231584760673867,
    2000,
    2000,
    256,
    128,
    45016,
    0.2475215978297481,
    227.69887404999463,
    true
  ]
}